URL,Researcher,Name,Title,Department,Europe,North America,Latin Am. & Carribean,S SE & E Asia,Central & Western Asia,Northern Africa,Subsaharan Africa,Oceania,Artic,Critique of knowledge production,Managing Metabolic processes,Empowerment and inequality,Imagining the future,Understanding the past,Biodiversity,Air,Built Environment,Energy,Representations,Transport,Waste,Water,Food,Abiotic resources,Environment / climate,Human Wellbeing (IRIS),Materials (IRIS),Global Health (IRIS),Intercultural Interaction (IRIS),"Energy, Envir. & Transport (IRIS)",Public Policy & Governance (IRIS),Sustainable Cities (IRIS),Risk & Security (IRIS),Systems Engineering (IRIS)
http://www.geog.ucl.ac.uk/about-the-department/people/research-students/anna-plyushteva,7753aa,Anna Plyushteva,PhD student,Geography,1,,,,,,,,,,1,,,,,,1,,1,,,,,,,,,,,,,,,
http://iris.ucl.ac.uk/iris/browse/profile?upi=AANDR64,AANDR64,Alisa Andrasek,Ms,School of Architecture,,,,,,,,,,,1,,1,,,,1,,1,,,,,,,,1,,,1,,1,,
http://iris.ucl.ac.uk/iris/browse/profile?upi=AAPSA97,AAPSA97,Alex Apsan Frediani,Dr,Development Planning Unit,,,1,,,,1,,,,1,1,1,,,,1,,,,,,,,,1,,,,,1,1,,
http://iris.ucl.ac.uk/iris/browse/profile?upi=ABOGU43,ABOGU43,Anna  Bogush,,"Civil, Environmental and Geomatic Engineering",1,,,,,,,,,,,,1,,,,,,,,1,,,1,,,,,,,,,,
http://iris.ucl.ac.uk/iris/browse/profile?upi=ADAVI16,ADAVI16,Andrew Davies,Prof,School of Construction & Project Mgt,,,,,,,,,,1,1,,1,,,,1,,,,,,,,,,,,,1,,1,,
http://iris.ucl.ac.uk/iris/browse/profile?upi=ADPOR63,ADPOR63,Adriana Ortegon ,,"Civil, Environmental and Geomatic Engineering",1,,1,,,,,,,,1,1,,,,,,,,1,,,,,,,,,,,,,,
http://iris.ucl.ac.uk/iris/browse/profile?upi=AEALL54,AEALL54,Adriana Allen,Dr,Development Planning Unit,1,,1,1,,1,1,,,,,,1,,,,1,,,,,1,1,,1,,,1,,1,1,1,,
http://iris.ucl.ac.uk/iris/browse/profile?upi=AFMAR36,AFMAR36,Alexi Marmot,Prof,The Bartlett School of Graduate Studies,1,1,,,,,,,,,1,,1,,,,1,1,,,,,,,,,,,,,,,,
http://iris.ucl.ac.uk/iris/browse/profile?upi=AGGIL08,AGGIL08,Alan Gilbert,Prof,Geography,,,1,,,,1,,,1,,1,,,,,1,,,,,,,,,,,,,1,1,1,,
http://iris.ucl.ac.uk/iris/browse/profile?upi=AHROB33,AHROB33,Aeli Roberts,Dr,School of Construction & Project Mgt,1,,,,,,,,,,,,,1,,,1,,,,,,,,,,,,,,,,,
http://iris.ucl.ac.uk/iris/browse/profile?upi=AJCHI76,AJCHI76,Andrew Chilvers,,"Civil, Environmental and Geomatic Engineering",,,,,,,,,,1,1,1,,,,,1,,,,,,,,,1,,,,1,1,1,,
http://iris.ucl.ac.uk/iris/browse/profile?upi=AJDED98,AJDED98,Andrew Edkins,Dr,School of Construction & Project Mgt,,,,,,,,,,,1,,,,,,1,,,,,,,,,,,,,,,1,,
http://iris.ucl.ac.uk/iris/browse/profile?upi=AJFAT72,AJFAT72,Ava Fatah gen. Schieck,Miss,The Bartlett School of Graduate Studies,,,,,,,,,,1,,,1,,,,1,,1,,,,,,,,,,,,,1,,
http://iris.ucl.ac.uk/iris/browse/profile?upi=AJHAR86,AJHAR86,Andrew Harris,Dr,Geography,1,,1,1,1,,,,,1,,1,,,,,1,,,,,,,,,,,,,1,1,,,
http://iris.ucl.ac.uk/iris/browse/profile?upi=AKAMA15,AKAMA15,Kamalasudhan Achuthan,Mr,"Civil, Environmental and Geomatic Engineering",1,,,,,,,,,,1,1,,,,,,,,1,,,,,,,,,,1,,1,1,1
http://iris.ucl.ac.uk/iris/browse/profile?upi=AMACM87,AMACM87,Alexandra Macmillan,Dr,The Bartlett School of Graduate Studies,1,,,,,,,,,,1,,,,,,1,1,,,,,,,,1,,,,1,1,1,,
http://iris.ucl.ac.uk/iris/browse/profile?upi=AMAVR49,AMAVR49,Anna Mavrogianni,Dr,The Bartlett School of Graduate Studies,,,,,,,,,,,,,1,,,,1,1,,,1,,,,1,,,,,1,,1,,
http://iris.ucl.ac.uk/iris/browse/profile?upi=AMSTO79,AMSTO79,Andrew Stone,Dr,The Bartlett School of Graduate Studies,1,,,,,,,,,,1,,,,,,,1,,,,,,,,,,,,,,,,
http://sabinaandron.com/,ANDRO84,Sabina Andron,,School of Architecture,1,,,,,,,,,1,1,,,,,,1,,1,,,,,,,,,,,,,,,
http://iris.ucl.ac.uk/iris/browse/profile?upi=AOWEN09,AOWEN09,Tony Owen,Prof,UCL Australia,,,,,,,,,,,1,,,,,,,1,,,,,,,,,,,,,,,,
http://iris.ucl.ac.uk/iris/browse/profile?upi=APENN20,APENN20,Alan Penn,Prof,Built Environment Faculty Office,1,,1,,1,,,,,,1,,,,,,1,,,,,,,,,,,,,1,,1,,
http://iris.ucl.ac.uk/iris/browse/profile?upi=APSMI28,APSMI28,Andrew Smith,Mr,UCL Energy Institute,1,,,,,,,,,,1,,,,,,,1,,1,,,,,,,,,,1,,1,,
http://iris.ucl.ac.uk/iris/browse/profile?upi=ARGRE06,ARGRE06,Alistair Greig,Dr,Mechanical Engineering,,,,,,,,,,,,,1,,,,,1,,1,,,,,,,,,,1,,,,
http://iris.ucl.ac.uk/iris/browse/profile?upi=ARLAT03,ARLAT03,Alan  Latham,Dr,Geography,,,,,,,,,,1,1,,,,,,1,,1,1,,,,,,,,,,,,,,
http://iris.ucl.ac.uk/iris/browse/profile?upi=ASCHA90,ASCHA90,Andreas Schafer,Prof,UCL Energy Institute,,,,,,,,,,,1,,,,,,,1,,,,,,,1,,,,,1,,,,1
http://iris.ucl.ac.uk/iris/browse/profile?upi=ASUMM34,ASUMM34,Alexander Summerfield,Dr,UCL Energy Institute,1,,,,,,,,,,1,,,1,,,1,1,,1,,,,,,,,,,1,,1,,
http://iris.ucl.ac.uk/iris/browse/profile?upi=AVARL77,AVARL77,Anne  Varley,Prof,Geography,,,1,1,,,,,,,1,,,,,,1,,,,,,,,,,,,,,,,,
http://iris.ucl.ac.uk/iris/browse/profile?upi=BBOKO90,BBOKO90,OKON BASSEY BASSEY,0,School of Construction & Project Mgt,1,,,,,,1,,,,1,,,,,,,1,,,1,1,,,,,,,,,,,,
http://iris.ucl.ac.uk/iris/browse/profile?upi=BCAHI26,BCAHI26,Bryan Cahill,Mr,"Civil, Environmental and Geomatic Engineering",,,,,,,,,,,1,,,,,,1,,,,,,,,,,,,,,,1,,
http://www.bartlett.ucl.ac.uk/planning/people/mphil-phd-students/brian-garcia,BGARC29,GARCIA BRIAN PAUL,0,School of Planning,1,1,1,1,,,,,,,1,,,,,,1,,,1,,,,,1,,,,,,,,,
http://iris.ucl.ac.uk/iris/browse/profile?upi=BGARD38,BGARD38,Ben Gardner Sood,Dr,Epidemiology & Public Health,,,,,,,,,,,1,,,,,,,,,1,,,1,,,,,,,,,,,
http://iris.ucl.ac.uk/iris/browse/profile?upi=BGHEY05,BGHEY05,Benjamin Heydecker,Prof,"Civil, Environmental and Geomatic Engineering",1,,,,,,,,,,1,,,,,,,,,1,,,,,,1,,1,,1,,1,1,1
http://iris.ucl.ac.uk/iris/browse/profile?upi=BJCAM61,BJCAM61,Ben Campkin,Dr,School of Architecture,1,,,,,,,,,1,1,1,1,1,,,1,,1,,1,,,,,,,1,,,,1,,
http://iris.ucl.ac.uk/iris/browse/profile?upi=BJFCR68,BJFCR68,Ben Croxford,Dr,The Bartlett School of Graduate Studies,,,,,,,,,,,1,,1,,,,1,1,,,,,,,,1,,,,1,,1,,
http://iris.ucl.ac.uk/iris/browse/profile?upi=BJPEN61,BJPEN61,Barbara Penner,Dr,School of Architecture,1,1,,,,,1,,,,,1,,,,,1,,,,,1,,,,1,,1,,,,1,,
http://iris.ucl.ac.uk/iris/browse/profile?upi=BLIPI88,BLIPI88,Barbara Lipietz,Dr,Development Planning Unit,,,,,,,,,,,1,1,,,,,,1,,,,,,,,,,,,,1,1,,
http://iris.ucl.ac.uk/iris/browse/profile?upi=BOUWE04,BOUWE04,Kim Bouwer,0,UCL Energy Institute,,,,,,,,,,,1,1,,,,,1,1,,,,,,,,,,,,,,,,
http://iris.ucl.ac.uk/iris/browse/profile?upi=BPAGE79,BPAGE79,Ben Page,Dr,Geography,1,,,,,,1,,,,1,,,,,,1,,,,,1,,,,,,,1,,,,,
http://iris.ucl.ac.uk/iris/browse/profile?upi=BPCLI35,BPCLI35,Ben Clifford,Dr,School of Planning,1,,,,,,,,,,1,1,,,,,1,,,,,,,,,,,,,,1,1,,
http://iris.ucl.ac.uk/iris/browse/profile?upi=BSCOL20,BSCOL20,Brian Collins,,STEaPP,,,,,,,,,,,1,,,,,,1,1,,1,,,,,,,,,,,,,,
http://iris.ucl.ac.uk/iris/browse/profile?upi=BSOLA39,BSOLA39,Baltazar Solano Rodriguez,Mr,UCL Energy Institute,,,,,,,,,,,1,,,,,,,1,,,1,,,,,,,,,,,,,
http://iris.ucl.ac.uk/iris/browse/profile?upi=CACRA07,CACRA07,Kate Crawford,Dr,"Civil, Environmental and Geomatic Engineering",,,,,,,,,,,,,1,,,,1,,,,,,,,,,,,,,,,,
http://iris.ucl.ac.uk/iris/browse/profile?upi=CAELW60,CAELW60,Cliff Elwell,Dr,UCL Energy Institute,,,,,,,,,,,,,,,,,,1,,,,,,,,,,,,1,,,,
http://iris.ucl.ac.uk/iris/browse/profile?upi=CARME79,CARME79,Chiara Armeni,Ms,Faculty of Laws,1,,,,,,,,,,,1,,,,,,1,,,,1,,,1,,,,,,,,,
http://iris.ucl.ac.uk/iris/browse/profile?upi=CARYA67,CARYA67,Chanakya Arya,Dr,"Civil, Environmental and Geomatic Engineering",1,,,,,,,,,,,,1,,,,1,,,,,,,,,,,,,,,,,
http://iris.ucl.ac.uk/iris/browse/profile?upi=CAVAR71,CAVAR71,Camilo Vargas-Ruiz,Mr,Centre for Advanced Spatial Analysis,,,1,,,,,,,,1,1,,,,,1,,,1,,,,,,,,,,,,,,
http://iris.ucl.ac.uk/iris/browse/profile?upi=CBLAC43,CBLAC43,Chris Blackman,Dr,Chemistry,,,,,,,,,,,,,1,,,,,1,,,1,1,,,,,,,,,,,,
http://iris.ucl.ac.uk/iris/browse/profile?upi=CBOAN83,CBOAN83,Camillo Boano,Dr,Development Planning Unit,1,,1,1,1,,,,,1,1,1,,1,,,1,,,,,,,,,,,,,,,1,,
http://iris.ucl.ac.uk/iris/browse/profile?upi=CDELL82,CDELL82,Claire Ellul,Dr,"Civil, Environmental and Geomatic Engineering",,,,,,,,,,,1,,,,,,,,1,1,,,,,,,,,,,,,,
http://iris.ucl.ac.uk/iris/browse/profile?upi=CDUNN17,CDUNN17,Charlie Dunnill,Dr,Chemistry,,,,,,,,,,,,,1,,,,1,1,,,,,,1,,,,,,,,,,
http://iris.ucl.ac.uk/iris/browse/profile?upi=CHOWE78,CHOWE78,Caroline Howe,Dr,"Genetics, Evolution & Environment",,,,,,,,,,,,,,1,,,1,,,,,,,,1,,,,,,,,,
http://iris.ucl.ac.uk/iris/browse/profile?upi=CJGAR26,CJGAR26,Caroline Garaway,Dr,Anthropology,,,,1,,,,,,,1,,,,1,,,,,,,1,1,,,,,,,,,,,
http://iris.ucl.ac.uk/iris/browse/profile?upi=CJLIM41,CJLIM41,CJ Lim,Prof,School of Architecture,1,,,1,,,,,,,,,,,,,1,1,,,,1,1,,,1,,,1,1,1,1,,
http://iris.ucl.ac.uk/iris/browse/profile?upi=CJOHN80,CJOHN80,Charlotte Johnson,Ms,UCL Energy Institute,1,,,,,,,,,,,1,,,,,1,1,,,,,,,,,,,,1,,1,1,
http://iris.ucl.ac.uk/iris/browse/profile?upi=CJOHN96,CJOHN96,Cassidy Johnson,Dr,Development Planning Unit,1,1,,,1,,,,,,1,1,1,,,,1,1,,,,,,,,,,1,,,1,1,1,
http://iris.ucl.ac.uk/iris/browse/profile?upi=CJRED25,CJRED25,Catherine Redgwell,Prof,Faculty of Laws,1,,,1,,,,,,,,1,,,,,,1,,,,,,,,,,,,,,,,
http://iris.ucl.ac.uk/iris/browse/profile?upi=CLDWY97,CLDWY97,Claire Dwyer,Dr,Geography,1,1,,,,,,,,1,1,1,,,,,1,,1,,,,,,,,,,,,,,,
http://iris.ucl.ac.uk/iris/browse/profile?upi=CLEVY74,CLEVY74,Caren Levy,Ms,Development Planning Unit,1,,1,1,,1,1,,,1,1,1,1,1,,,1,,,,,,,,,,,,,1,1,1,,
http://iris.ucl.ac.uk/iris/browse/profile?upi=CMARX96,CMARX96,Colin Marx,Dr,Development Planning Unit,,,,,,1,1,,,1,1,1,,,,,1,,,,,,,,,,,,,,,1,,
http://iris.ucl.ac.uk/iris/browse/profile?upi=CMASO14,CMASO14,Christos Masouros,Dr,Electronic & Electrical Eng,,,,,,,,,,,,,1,,,,,1,,,,,,,,,,,,,,,,
http://iris.ucl.ac.uk/iris/browse/profile?upi=CMCAN46,CMCAN46,Claire McAndrew,Dr,The Bartlett School of Graduate Studies,,,,,,,,,,1,1,,,,,,1,,1,,,,,,,,,,,,,,,
http://iris.ucl.ac.uk/iris/browse/profile?upi=CMCOL44,CMCOL44,Claire Colomb,Dr,School of Planning,1,,,,,,,,,,1,1,,,,,1,,,,,,,,,,,,,,1,1,,
http://iris.ucl.ac.uk/iris/browse/profile?upi=CMDIL73,CMDIL73,Catherine Dillon,Dr,The Bartlett School of Graduate Studies,,,,,,,,,,,1,1,,1,,,1,,1,,,,,,,,,,,,,,,
http://iris.ucl.ac.uk/iris/browse/profile?upi=CPRAM80,CPRAM80,Claudia Ramirez Brinez,Ms,"Civil, Environmental and Geomatic Engineering",,,1,,,,,,,,1,,1,,,,,1,,1,,,,,,,,,,,,,,
http://iris.ucl.ac.uk/iris/browse/profile?upi=CSBFI72,CSBFI72,Caroline Fitzpatrick,Prof,"Civil, Environmental and Geomatic Engineering",,,,,,,,,,,1,,,,,,,,,,,1,,,,,,,,1,,1,,1
http://iris.ucl.ac.uk/iris/browse/profile?upi=CSDEM13,CSDEM13,Claudio De Magalhaes,Dr,School of Planning,1,,,,,,,,,,1,,,,,,1,,,,,,,,,,,,,,1,1,,
http://iris.ucl.ac.uk/iris/browse/profile?upi=CSHOL54,CSHOL54,Catherine Holloway,Dr,"Civil, Environmental and Geomatic Engineering",1,,,,,,,,,,1,1,,,,,1,,,1,,,,,,1,,,,,,1,,
http://iris.ucl.ac.uk/iris/browse/profile?upi=CSHRU11,CSHRU11,Clive Shrubsole,Mr,The Bartlett School of Graduate Studies,1,,,,,,,,,,1,,1,,,,,1,,,1,,,,,1,,,,1,,1,,
http://iris.ucl.ac.uk/iris/browse/profile?upi=CSPAT02,CSPAT02,Catalina Spataru,Dr,UCL Energy Institute,1,,,,,,,,,,1,,1,,,,,1,,,,,,,,,,,,1,1,1,1,1
http://www.geog.ucl.ac.uk/about-the-department/people/academics/charlotte-lemanski,CSPIN26,Charlotte Lemanski,Dr,Geography,,,,1,,,1,,,1,,1,,,,,1,,,,,,,,,,,,,,1,1,1,
http://iris.ucl.ac.uk/iris/browse/profile?upi=CSTYA03,CSTYA03,Craig Styan,Dr,UCL Australia,,,,,,,,1,,,,,,,,,,1,,,,1,,,,,,,,,,,,
http://iris.ucl.ac.uk/iris/browse/profile?upi=CTHOM22,CTHOM22,Claire Thomson,Dr,"School of European Languages, Culture and Society",1,,,,,,,,,1,,,,,,,,,1,,,,,,,,,,,,,1,,
http://iris.ucl.ac.uk/iris/browse/profile?upi=CTURC04,CTURC04,Catalina Turcu,Dr,School of Planning,1,,,1,,,,,,,,1,,,,,1,1,,,,,,,,,,,,1,1,1,,
http://iris.ucl.ac.uk/iris/browse/profile?upi=DAJEE50,DAJEE50,Diman Ajeeb,0,School of Planning,1,,,,,,,,,,1,1,,,,,1,,,,,,,,,,,,,,,,,
http://iris.ucl.ac.uk/iris/browse/profile?upi=DASMI57,DASMI57,Duncan  Smith,Dr,Centre for Advanced Spatial Analysis,1,,,,,,,,,,1,,,,,,1,,1,1,,,,,,,,,,1,,1,,
http://iris.ucl.ac.uk/iris/browse/profile?upi=DAVVI73,DAVVI73,Deborah Villarroel-Lamb,Dr,"Civil, Environmental and Geomatic Engineering",,,,,,,,,,,1,,1,,,,,,,,,1,,,,,,,,,,,,
http://iris.ucl.ac.uk/iris/browse/profile?upi=DBRET49,DBRET49,Dan Brett,Dr,Chemical Engineering,,,,,,,,,,,1,,1,,,,,1,,,,,,,,,1,,,1,,1,,
http://iris.ucl.ac.uk/iris/browse/profile?upi=DDAYA16,DDAYA16,Dina D'Ayala,Dr,"Civil, Environmental and Geomatic Engineering",1,,,1,1,,1,,,,,,1,1,,,1,,,,,,,,,,,,,,,,,
http://iris.ucl.ac.uk/iris/browse/profile?upi=DJBAL01,DJBAL01,David Joseph Balding,Prof,UCL Genetics Institute,,,,,,,,,,,,,,,,,,,,,,1,,,,,,,,,,,,
http://iris.ucl.ac.uk/iris/browse/profile?upi=DJMUR72,DJMUR72,David  Murrel,Dr,"Genetics, Evolution & Environment",,,,,,,,,,1,,,1,1,1,,,,,,,,,,,,,,,,,,,
http://iris.ucl.ac.uk/iris/browse/profile?upi=DMUMO03,DMUMO03,Dejan Mumovic,Dr,School of Architecture,1,,,,,,,,,,,,1,,,,1,1,,,,,,,,1,,,,1,,1,,
http://iris.ucl.ac.uk/iris/browse/profile?upi=DNAVA11,DNAVA11,Navaz Davoodian,Dr,The Bartlett School of Graduate Studies,,,,,,,,,,,1,,,,,,1,1,,1,,,,,,,,,,,,,,
http://iris.ucl.ac.uk/iris/browse/profile?upi=DPHAW05,DPHAW05,David Hawkins,0,Economics,1,,,,,,,,,,1,,,,,,1,1,,,,,,1,,,,,,,,,,
http://iris.ucl.ac.uk/iris/browse/profile?upi=DRDOD27,DRDOD27,David Dodman,Dr,Development Planning Unit,,,,,,,,,,,1,,,,,,1,,,,,,,,,,,,,,,1,,
http://iris.ucl.ac.uk/iris/browse/profile?upi=DSATT65,DSATT65,David Satterthwaite,Dr,Development Planning Unit,,,1,1,,,1,,,,,1,,,1,,1,,,,,,,,1,,,1,,,1,1,,
http://iris.ucl.ac.uk/iris/browse/profile?upi=DTSHI69,DTSHI69,David Shipworth,Dr,UCL Energy Institute,1,,,,,,,1,,1,1,,1,,,,1,1,,,,,,,,,,,,1,,1,,
http://iris.ucl.ac.uk/iris/browse/profile?upi=EARCA37,EARCA37,Elsa Arcaute,Dr,Centre for Advanced Spatial Analysis,,,,,,,,,,1,,,,,,,1,,,,,,,,,,,,,,,1,,
http://iris.ucl.ac.uk/iris/browse/profile?upi=EBESU25,EBESU25,Elena Besussi,Miss,School of Planning,1,,,,,,,,,,1,1,,,,,1,,,,,,,,,,,,,,1,1,,
http://iris.ucl.ac.uk/iris/browse/profile?upi=EBULD04,EBULD04,Eugeny Buldakov,Dr,"Civil, Environmental and Geomatic Engineering",,,,,,,,,,,1,,,,,,,,,,,1,,,,,,,,,,,,
http://iris.ucl.ac.uk/iris/browse/profile?upi=EDENI72,EDENI72,Edward Denison,Mr,School of Architecture,1,,,1,,,,,,,,,,1,,,1,,,,,,,,,,,,,,,,,
http://iris.ucl.ac.uk/iris/browse/profile?upi=EGRAH26,EGRAH26,Elizabeth Graham,Prof,Institute of Archaeology,,,1,,,,,,,,,,,1,,,1,,,,,,,,,,,,,,,1,,
http://iris.ucl.ac.uk/iris/browse/profile?upi=ELETI04,ELETI04,Emmanuel Letier,Dr,Computer Science,,,,,,,,,,,1,,1,,,,,,1,,,,,,,,,,,,,1,,1
http://iris.ucl.ac.uk/iris/browse/profile?upi=EMPCI45,EMPCI45,Elisabete Cidre,Dr,School of Planning,1,,,,,,,,,,,,,1,,,1,,,,,,,,,,,,,,,,,
http://iris.ucl.ac.uk/iris/browse/profile?upi=EMUKP74,EMUKP74,Ema Muk-Pavic,Ms,Mechanical Engineering,,,,,,,,,,,,,1,,,,,1,,,,,,,,,,,,1,,,,1
http://iris.ucl.ac.uk/iris/browse/profile?upi=EOIKO81,EOIKO81,Eleni Oikonomou,Ms,UCL Energy Institute,1,,,,,,,,,,1,,1,,,,1,1,,,,,,,1,1,,,,1,,1,,
http://iris.ucl.ac.uk/iris/browse/profile?upi=EPOLY45,EPOLY45,Eleftheria Polykarpou,Miss,UCL Australia,,,,,,,,,,,1,,,,,,,1,,,,1,,,,,,,,,,,,
http://www.ucl.ac.uk/~ucecesf/,ESFRA78,Eric Fraga,Prof,Chemical Engineering,,,,,,,,,,1,,,,,,,,1,,,,1,,,,,,,,1,,,,1
http://www.ucl.ac.uk/ssees/people,essi ,Essi  Viitanen,0,Sch of Slavonic & East European Studies,1,,,,,,,,,1,,1,,,,,1,,,,,,,,,,,,,,,,,
http://iris.ucl.ac.uk/iris/browse/profile?upi=ETERA70,ETERA70,Emma Terama,Dr,"Civil, Environmental and Geomatic Engineering",,,,,,,,,,,1,1,1,,1,,1,,,,,,,1,,1,,,,1,1,1,,
http://iris.ucl.ac.uk/iris/browse/profile?upi=ETRUT92,ETRUT92,Evelina Trutnevyte,Dr,UCL Energy Institute,1,,,,,,,,,,,,,,1,,1,1,,,,,,,1,,,,,1,1,,,
http://iris.ucl.ac.uk/iris/browse/profile?upi=EVOMV99,EVOMV99,Eleni Vomvyla,Miss,Library Services,1,,,,,,,,,,1,1,,1,,,,,1,,,,,,,,,,,,,,,
http://iris.ucl.ac.uk/iris/browse/profile?upi=EVONB15,EVONB15,Etienne Von Bertrab,Mr,Development Planning Unit,,,1,,,,,,,,1,1,,,,,,,,,,1,,,,,,,,,,1,,
http://iris.ucl.ac.uk/iris/browse/profile?upi=FCACI43,FCACI43,Franco Cacialli,Prof,Physics & Astronomy,,,,,,,,,,,,,1,,,,,1,,,,,,,,,1,,,1,,1,,1
http://iris.ucl.ac.uk/iris/browse/profile?upi=FCARA87,FCARA87,Francesco Caravelli ,,"Civil, Environmental and Geomatic Engineering",1,,,,,,,,,,1,,1,,,,1,,,,,,,,,,,,,,,,,
http://iris.ucl.ac.uk/iris/browse/profile?upi=FCOEL01,FCOEL01,Filipa Wunderlich,Dr,School of Planning,,,,,,,,,,1,1,,,,,,1,,,,,,,,,1,,,1,,1,1,,
http://iris.ucl.ac.uk/iris/browse/profile?upi=FCUIT66,FCUIT66,Felix Ciuta,Dr,Sch of Slavonic & East European Studies,1,,,,,,,,,1,1,1,,,,,,1,,,,,,,,,,,,,1,,1,
http://iris.ucl.ac.uk/iris/browse/profile?upi=FELLX23,FELLX23,Michael Fell,0,UCL Energy Institute,,,,,,,,,,,1,,,,,,1,1,,,,,,,,,,,,,,,,
http://iris.ucl.ac.uk/iris/browse/profile?upi=FMEDD49,FMEDD49,Francesca Medda,Dr,"Civil, Environmental and Geomatic Engineering",,,,,,,,,,,,,,,,,1,,,1,,,,,,,,,,,,,,
http://iris.ucl.ac.uk/iris/browse/profile?upi=FNASI05,FNASI05,Fuzhan Nasiri,Dr,The Bartlett School of Graduate Studies,,1,,,,,,,,,1,,,,,,1,1,,,,1,,,,,,,,1,,1,,1
http://iris.ucl.ac.uk/iris/browse/profile?upi=FWUXX57,FWUXX57,Fulong Wu,Prof,School of Planning,,,,1,,,,,,1,1,,,,,,1,,,,,,,,,,,,,,,,,
http://iris.ucl.ac.uk/iris/browse/profile?upi=FZHAN24,FZHAN24,Fangzhu Zhang,Dr,School of Planning,,,,1,,,,,,,1,,1,,,,1,,,,,,,,,,,,,,,,,
http://iris.ucl.ac.uk/iris/browse/profile?upi=GANAN46,GANAN46,Gabrial Anandarajah,Dr,UCL Energy Institute,1,,,,,,,,,,1,,,,,,,1,1,,,,,,,,,,,1,,,,
http://iris.ucl.ac.uk/iris/browse/profile?upi=GASHI56,GASHI56,Graham Shields,Dr,Earth Sciences,,,,1,1,,,,,,1,,,,,,,,,,1,,,1,,,,,,,,,,
http://iris.ucl.ac.uk/iris/browse/profile?upi=GEMOO39,GEMOO39,Gemma Moore,Miss,UCL Public Engagement Unit,1,,,,,,,,,1,1,1,,,,,1,,,,,,1,,,,,,,,,,,
http://iris.ucl.ac.uk/iris/browse/profile?upi=GHDUI16,GHDUI16,Ger Duijzings,Dr,Sch of Slavonic & East European Studies,1,,,,,,,,,,1,1,,1,,,1,,,,,,,,,,,,1,1,,1,,
http://www.ucl.ac.uk/secret/current_students/2012_cohort/2012-cohort-profiles/alex-gibberd,GIBBE88,Alex Gibberd,0,Security and Crime Science,,,,,,,,,,,1,,,,,,,,1,,,,,,,,,,,,,,,
http://iris.ucl.ac.uk/iris/browse/profile?upi=GMANO69,GMANO69,Yeoryia Manolopoulou,Dr,School of Architecture,1,,,,,,,,,,,1,1,,,,1,,,,,,,,1,1,1,,,,,1,,
http://iris.ucl.ac.uk/iris/browse/profile?upi=GMANO86,GMANO86,George Manos,Dr,Chemical Engineering,,,,,,,,,,,,,1,,,,,,,,1,,,,,,,,,,,,,
http://iris.ucl.ac.uk/iris/browse/profile?upi=GMHUE67,GMHUE67,Gesche Huebner,Dr,UCL Energy Institute,1,,,,,,,,,,1,1,,,,,,1,,,,,,,,,,,,1,,,,
http://iris.ucl.ac.uk/iris/browse/profile?upi=GOWEN88,GOWEN88,Gillian Owen,Dr,UCL Australia,1,,,,,,,,,,1,,,,,,,1,,,,1,,,,,,,,,,,,
http://iris.ucl.ac.uk/iris/browse/profile?upi=GUILB03,GUILB03,Joel Guilbald,0,UCL Energy Institute,,1,1,,,,,1,,,1,,,,,,,1,,,,,,1,,,,,,,,,,
http://iris.ucl.ac.uk/iris/browse/profile?upi=HALTA34,HALTA34,Hector Altamirano,Dr,The Bartlett School of Graduate Studies,,,,,,,,,,,1,,,,,,1,1,,,,,,,,1,,1,,1,,,,
http://iris.ucl.ac.uk/iris/browse/profile?upi=HBORR81,HBORR81,Herv? Borrion,Dr,Security and Crime Science,,,,,,,,,,,1,,,,,,1,,,,,,,,,,,,,,,,1,
http://iris.ucl.ac.uk/iris/browse/profile?upi=HDALY60,HDALY60,Hannah Daly,Dr,UCL Energy Institute,1,,,,,,,,,,1,,,,,,,1,,1,,,,,,,,,,1,,,,
http://iris.ucl.ac.uk/iris/browse/profile?upi=HDIMI13,HDIMI13,Harry Dimitriou,Prof,School of Planning,1,,,1,,,,,,,1,1,,,,,1,,,1,,,,,,,,,,,,,,
http://iris.ucl.ac.uk/iris/browse/profile?upi=HFACH67,HFACH67,Andy Chow,Dr,"Civil, Environmental and Geomatic Engineering",,,,,,,,,,,1,,,,,,,,,1,,,,,,,,,,1,,,1,1
http://iris.ucl.ac.uk/iris/browse/profile?upi=HJENE78,HJENE78,Hayley Newman,Dr,Slade School of Fine Art,1,,,,,,,,,,1,,1,1,,,1,,,,,1,1,,1,,,,,1,,1,,
http://iris.ucl.ac.uk/iris/browse/profile?upi=HJOFF28,HJOFF28,Helene Joffe,,Psychology & Language Sciences,,1,,1,1,,,,,,,1,1,,,,1,,1,,,,,,1,,,1,,,,,,
http://iris.ucl.ac.uk/iris/browse/profile?upi=HPOWE89,HPOWE89,Hilary Powell,Dr,School of Architecture,,,,,,,,,,1,,,,,,,1,,1,,,,,,,,1,,,,,1,,
http://iris.ucl.ac.uk/iris/browse/profile?upi=HSMYT78,HSMYT78,Hedley Smyth,Dr,School of Construction & Project Mgt,,,,,,,,1,,,1,,,,,,1,,,,,,,,,,,,,,,,,
http://iris.ucl.ac.uk/iris/browse/profile?upi=HTITH94,HTITH94,Helena Titheridge,Dr,"Civil, Environmental and Geomatic Engineering",1,,,,,,,,,,1,,,,,,1,1,,,,,,,,,,,,1,,1,,
https://www.bartlett.ucl.ac.uk/casa/people/mphil-phd-students/Stephan_Hugel,HUGEL48,Stephen Hugel,0,Centre for Advanced Spatial Analysis,1,,,,,,,,,,1,1,,,,,1,,,1,,,,,,,,,,,,,,
http://iris.ucl.ac.uk/iris/browse/profile?upi=IHAMI19,IHAMI19,Ian Hamilton,Mr,UCL Energy Institute,1,1,,,,,,,,,1,,1,,,,1,1,,,,,,,,,,,,1,1,1,,
http://iris.ucl.ac.uk/iris/browse/profile?upi=IHAMI75,IHAMI75,Iqbal Hamiduddin,Dr,School of Planning,1,,,,,,,,,,1,,,,,,1,,,1,,,,,,1,,,,1,1,1,,
http://iris.ucl.ac.uk/iris/browse/profile?upi=IJKEP80,IJKEP80,Ilkka Keppo,Dr,UCL Energy Institute,,,,,,,,,,,1,,1,,,,,1,,,,,,,1,,,,,1,,,,
http://iris.ucl.ac.uk/iris/browse/profile?upi=IMBOR56,IMBOR56,Iain Borden,Prof,School of Architecture,,,,,,,,,,1,,,,1,,,1,,1,,,,,,,,,,,1,,1,,
http://iris.ucl.ac.uk/iris/browse/profile?upi=IPAPA54,IPAPA54,Ioannis Papakonstantinou,Dr,Electronic & Electrical Eng,,,,,,,,,,,,,1,,,,,1,,,,,,1,,,1,,,1,,,,
http://iris.ucl.ac.uk/iris/browse/profile?upi=ISTEE12,ISTEE12,Ine Steenmans,0,"Civil, Environmental and Geomatic Engineering",,1,,,,,,,,,1,,,,,,1,1,,,1,1,,,,,,,,,,,,
http://iris.ucl.ac.uk/iris/browse/profile?upi=JACHE16,JACHE16,James Cheshire,Dr,Centre for Advanced Spatial Analysis,,,,,,,,,,,1,,,,,,1,,1,,,,,,,,,,1,,,1,,
http://iris.ucl.ac.uk/iris/browse/profile?upi=JAFOR22,JAFOR22,Adrian Forty,Prof,School of Architecture,,,,,,,,,,,,,1,,,,1,,,,,,,,,,,,,,,,,
http://iris.ucl.ac.uk/iris/browse/profile?upi=JAMFE87,JAMFE87,Jessica Ferm,Dr,School of Planning,1,,,,,,,,,,1,1,,,,,1,,,,,,,,,,,,,,,,,
http://iris.ucl.ac.uk/iris/browse/profile?upi=JBHOL08,JBHOL08,Jane Holder,Prof,Faculty of Laws,1,,,,,,,,,1,,1,,,1,,,,,,,,,,,,,,,,,,,
http://iris.ucl.ac.uk/iris/browse/profile?upi=JBLUM96,JBLUM96,Jochen Blumberger,Dr,Physics & Astronomy,,,,,,,,,,,,,1,,,,,1,,,,,,,,,1,,,,,,,
http://iris.ucl.ac.uk/iris/browse/profile?upi=JDAVI65,JDAVI65,Julio Davila,Dr,Development Planning Unit,1,,1,1,1,,1,,,,1,1,,,,,1,,,1,1,1,,,,,,1,,1,1,1,,
http://iris.ucl.ac.uk/iris/browse/profile?upi=JDROB71,JDROB71,Jennifer Robinson,Prof,Geography,,,,,,,1,,,1,,1,,1,,,1,,,,,,,,,,,,,,,,,
http://iris.ucl.ac.uk/iris/browse/profile?upi=JDTWI48,JDTWI48,John Twigg,Dr,"Civil, Environmental and Geomatic Engineering",,,,,,,,,,,1,1,1,,,,1,,,,,,,,,,,1,,,,1,1,
http://iris.ucl.ac.uk/iris/browse/profile?upi=JEADE85,JEADE85,John Eade,Prof,Geography,1,,,,,,,,,1,,,1,,,,1,,,,,,,,,,,,,,,,,
http://iris.ucl.ac.uk/iris/browse/profile?upi=JEZST74,JEZST74,Jack Stilgoe,Dr,Science & Technology Studies,,,,,,,,,,,,1,1,,,,,,,,,,1,,,1,,,,1,1,,1,
http://iris.ucl.ac.uk/iris/browse/profile?upi=JFIOR23,JFIOR23,Jorge Fiori,Mr,Development Planning Unit,,,1,,,,,,,,1,1,,,,,1,,,,,,,,,,,,,,,1,,
http://iris.ucl.ac.uk/iris/browse/profile?upi=JGSWI10,JGSWI10,James Wilson,Dr,Philosophy,,,,,,,,,,1,1,,1,,,,1,,,,,,,,,1,,1,,,,,,
http://iris.ucl.ac.uk/iris/browse/profile?upi=JGTAY63,JGTAY63,Jonathon Taylor,Mr,The Bartlett School of Graduate Studies,1,,,,,,,,,1,1,,1,,,1,1,1,,,,,,,,,,,,1,,1,1,
http://iris.ucl.ac.uk/iris/browse/profile?upi=JHARO88,JHARO88,Julien Harou,Dr,"Civil, Environmental and Geomatic Engineering",,,,,,,,,,1,1,,,,,,,,,,,1,,,,,,,,,,,,
http://iris.ucl.ac.uk/iris/browse/profile?upi=JHWAL18,JHWAL18,Julian Walker,Mr,Development Planning Unit,1,,,1,1,1,1,,,,1,1,,,,,1,,,,,,,,,1,,,1,,,1,,
http://iris.ucl.ac.uk/iris/browse/profile?upi=JJDAY99,JJDAY99,Julia Day,Dr,"Genetics, Evolution & Environment",,,,,,,,,,,,,,,,,,,,,,1,,,,,,,,,,,,
http://iris.ucl.ac.uk/iris/browse/profile?upi=JLEWI60,JLEWI60,Jerome Lewis,Dr,Anthropology,,,,,,,1,,,,1,1,,1,1,,,,1,,,,,,,,,1,,,,,,
http://iris.ucl.ac.uk/iris/browse/profile?upi=JMATL52,JMATL52,Jann Matlock,Dr,French,1,,,,,,,,,1,,,,1,,,1,,1,,,,,,,,,,,,,1,,
http://iris.ucl.ac.uk/iris/browse/profile?upi=JMIND63,JMIND63,Jenny Mindell,Dr,Epidemiology & Public Health,1,,,,,,,,,,1,,1,,,,,,,1,,,,,,1,,,,1,,1,,
http://iris.ucl.ac.uk/iris/browse/profile?upi=JMKEL46,JMKEL46,John Kelsey,Mr,School of Construction & Project Mgt,,,,1,,,,,,,1,,,,,,1,,,,,,,,,,,,1,1,,1,,
http://www.ucl.ac.uk/archaeology/people/research/gardner,Johnathan Gardner,Johnathan  Gardner,0,Institute of Archaeology,1,,,,,,,1,,,,,,1,,,1,,,,,,,,,,,,,,,,,
http://iris.ucl.ac.uk/iris/browse/profile?upi=JOPAS99,JOPAS99,James Paskins,Dr,VP: Research,,,,,,,,,,,1,1,,,,,,,,1,,,,,,,,,,1,,1,,
http://iris.ucl.ac.uk/iris/browse/profile?upi=JPALM41,JPALM41,Jan-Peter Muller,Prof,Space & Climate Physics,,,,,,,,,,,1,,,,1,,,,,,,,,,,,,,,1,,1,,
http://iris.ucl.ac.uk/iris/browse/profile?upi=JPSTE93,JPSTE93,Philip Steadman,Prof,School of Architecture,1,,,,,,,,,,1,,,,,,1,1,,1,,,,,,,,,,1,,,,
http://iris.ucl.ac.uk/iris/browse/profile?upi=JRMOR19,JRMOR19,Janice  Morphet,Dr,School of Planning,1,,,,,,,,,1,1,,,,,,1,,,,,,,,,1,,,,1,1,1,,
http://www.ucl.ac.uk/spp/people/research-students/javier-sajuria,JSAJU70,SAJURIA GARCES JAVIER EMILIO,0,Political Science,,,,,,,,,,,1,1,,,,,,,1,,,,,,,,,,,,,,,
http://iris.ucl.ac.uk/iris/browse/profile?upi=JSTEG94,JSTEG94,Julia Stegemann,Dr,"Civil, Environmental and Geomatic Engineering",1,1,,,,,,,,,1,,1,,,,,1,,,1,,,,,,,,,,,,,
http://iris.ucl.ac.uk/iris/browse/profile?upi=JTANG13,JTANG13,Junwang Tang,Dr,Chemical Engineering,,,,,,,,,,,1,,1,,,1,,1,,,1,1,,,,,1,,,1,,,,
http://iris.ucl.ac.uk/iris/browse/profile?upi=JWGAR15,JWGAR15,Jonathon Gardner ,0,Institute of Archaeology,1,,,,,,,,,1,,,,1,,,1,,1,,1,,,,,,,,,,,,,
http://iris.ucl.ac.uk/iris/browse/profile?upi=JWILL27,JWILL27,Joanna Williams,Dr,School of Planning,1,,,,,,,,,,1,,,,,,1,1,,,,,,,,,,,,,,,,
http://iris.ucl.ac.uk/iris/browse/profile?upi=JWSON04,JWSON04,Jung Won Sonn,Dr,School of Planning,,1,,1,,,,,,,1,1,,,,,1,,,,,,,,,,,,,,1,1,,
http://iris.ucl.ac.uk/iris/browse/profile?upi=KALSA78,KALSA78,Kinda Al-Sayed,Mrs,The Bartlett School of Graduate Studies,,,,,,,,,,,1,,1,,,,1,,,,,,,,,,,,,1,,1,1,1
http://iris.ucl.ac.uk/iris/browse/profile?upi=KCURR06,KCURR06,Katherine 0,Dr,The Bartlett School of Graduate Studies,,,,,,,,,,,,,,1,,,1,,,,,,,1,,,,,,,,,,
http://iris.ucl.ac.uk/iris/browse/profile?upi=KDUGM09,KDUGM09,Keith Dugmore,Prof,Centre for Advanced Spatial Analysis,,,,,,,,,,,1,,,,,,,,1,,,,,,,,,,,1,1,1,,
http://iris.ucl.ac.uk/iris/browse/profile?upi=KFOUS42,KFOUS42,Kalliopi Fouseki,Dr,The Bartlett School of Graduate Studies,1,,,,,,,,,,,1,,1,,,1,,,,,,,,,,,,,,,1,,
http://iris.ucl.ac.uk/iris/browse/profile?upi=KHOLT76,KHOLT76,Katherine Holt,Dr,Chemistry,,,,,,,,,,,,,1,,,,,1,,,,,,,,,,,,,,,,
http://iris.ucl.ac.uk/iris/browse/profile?upi=KJAMI01,KJAMI01,Kyle Jamieson,Dr,Computer Science,,,,,,,,,,,1,,,,,,,,1,,,,,,,,,,,,,,,1
http://iris.ucl.ac.uk/iris/browse/profile?upi=KKARI67,KKARI67,Kayvan Karimi,0,The Bartlett School of Graduate Studies,1,,,,1,,,,,,1,,,,,,1,,,1,,,,,,,,,,,,,,
http://iris.ucl.ac.uk/iris/browse/profile?upi=KLREV48,KLREV48,Kirsty Revell,0,"Civil, Environmental and Geomatic Engineering",1,,,,,,,,,,1,,,,,,,1,,1,1,1,,,,,,,,,,,,
http://iris.ucl.ac.uk/iris/browse/profile?upi=KMHOM90,KMHOM90,Katherine Homewood,Prof,Anthropology,,,,,,,1,,,,1,,,,1,,,,,,,,1,,1,,,1,,,,,,
http://iris.ucl.ac.uk/iris/browse/profile?upi=KOSUE88,KOSUE88,William Suen,Dr,Mechanical Engineering,1,,,,,,,,,,,,1,,,,1,1,,,,,,,,,,,,,,,,
http://iris.ucl.ac.uk/iris/browse/profile?upi=KPMAN87,KPMAN87,Kevin Mansfield,Prof,The Bartlett School of Graduate Studies,,,,,,,,,,,,,,,,,1,1,,,,,,,,,,,,,,,,
http://iris.ucl.ac.uk/iris/browse/profile?upi=KWOOD71,KWOOD71,Karl Woodbridge,Dr,Electronic & Electrical Eng,,,,,,,,,,,,,1,,,,,,1,,,,,,,,,,,1,,1,1,
Kxxxxxx,Kxxxxxx,Ka- Man  Lai,Dr,"Civil, Environmental and Geomatic Engineering",,,,,,,,,,,1,,,,1,1,,1,,,,,,,,,,,,,,,,
http://iris.ucl.ac.uk/iris/browse/profile?upi=LCAPR65,LCAPR65,Licia Capra,Dr,Computer Science,1,,,,,,,,,,1,1,1,,,,,,1,,,,,,,,,,,1,,1,,1
http://iris.ucl.ac.uk/iris/browse/profile?upi=LCCAM91,LCCAM91,Luiza Campos,Dr,"Civil, Environmental and Geomatic Engineering",1,,,1,,,,,,,1,,1,,,,,,,,1,1,,,,,,1,,1,,1,1,
http://iris.ucl.ac.uk/iris/browse/profile?upi=LCIRI23,LCIRI23,Lena Ciric,Dr,"Civil, Environmental and Geomatic Engineering",,,,,,,,,,,1,1,,,,,,,,,1,1,,,,1,,1,,1,,1,,
http://iris.ucl.ac.uk/iris/browse/profile?upi=LGRIF14,LGRIF14,Liza Griffin,Dr,Development Planning Unit,1,,,,,,,,,1,1,1,,,,,1,,,,,1,1,,,,,,,,1,1,1,
http://iris.ucl.ac.uk/iris/browse/profile?upi=LMALK36,LMALK36,Liora Malki-Epshtein,Dr,"Civil, Environmental and Geomatic Engineering",1,1,,1,,,,,,,,,1,,,,1,1,,1,,1,1,,,1,,,,1,,1,,
http://iris.ucl.ac.uk/iris/browse/profile?upi=LMARJ86,LMARJ86,Ljiljana Marjanovic- Halburd,Dr,The Bartlett School of Graduate Studies,,,,1,,,,,,,1,,1,,,,1,1,,,,,,,,,,,,1,,,,
http://iris.ucl.ac.uk/iris/browse/profile?upi=LMAZZ90,LMAZZ90,Luca Mazzei,Dr,Chemical Engineering,,,,,,,,,,,,,1,,,,,1,,,,,,,,,1,,,,,,,
http://iris.ucl.ac.uk/iris/browse/profile?upi=LPNAR06,LPNAR06,NARVAEZ ZERTUCHE LAURA PATRICIA,0,The Bartlett School of Graduate Studies,1,1,,,,,,,,,1,,,1,,,1,,,,,,,,,,,,,,,,,
http://iris.ucl.ac.uk/iris/browse/profile?upi=LSVAU60,LSVAU60,Laura Vaughan,Prof,The Bartlett School of Graduate Studies,1,1,,,,,,,,,1,1,,,,,1,,,,,,,,,1,,,,1,,1,1,
http://iris.ucl.ac.uk/iris/browse/profile?upi=LUXXX28,LUXXX28,Tingting Lu ,0,School of Planning,,,,,,,,,,,1,1,,,,,1,,,,,,,,,,,,,,,,,
http://iris.ucl.ac.uk/iris/browse/profile?upi=MACUT20,MACUT20,Michele Acuto,Dr,STEaPP,1,,,,,,,1,,1,1,1,,,,,1,,,,,,,,,,,1,,,1,1,,
http://iris.ucl.ac.uk/iris/browse/profile?upi=MALTA62,MALTA62,Mark Altaweel,Dr,Institute of Archaeology,,1,,1,1,1,,,1,1,,,,1,,,1,,,,,1,,,1,,,,1,,,1,1,
https://www.ucl.ac.uk/ineqcities/atlas,MARUI77,Milagros Ruiz,Ms,Epidemiology & Public Health,,,,,,,,,,,,1,,,,,1,,,,,,,,,1,,,,,,,,
http://iris.ucl.ac.uk/iris/browse/profile?upi=MAUNG95,MAUNG95,Hane Aung,Dr,UCL Interaction Centre,,,,,,,,,,,1,,,,,,,1,,,,,,,,,,,,,,,,
http://iris.ucl.ac.uk/iris/browse/profile?upi=MAUST60,MAUST60,Martin Austwick,Dr,Centre for Advanced Spatial Analysis,1,,,,,,,,,,1,,1,,,,1,,1,,,,,,,1,,,,,,1,,
http://iris.ucl.ac.uk/iris/browse/profile?upi=MBADD87,MBADD87,Michelle Baddeley,Prof,School of Construction & Project Mgt,,,,,,,,,,,,,,,,,1,1,,,,,,,,,,,,1,,1,,
http://iris.ucl.ac.uk/iris/browse/profile?upi=MBARR49,MBARR49,MArk Barrett,Dr,UCL Energy Institute,,,,,,,,,,1,1,,,,,,1,1,,1,,,,,,,,,,,,,,
http://iris.ucl.ac.uk/iris/browse/profile?upi=MBIAN27,MBIAN27,Marco Bianconi,Dr,School of Planning,,,,,,,,,,,1,1,,,,,1,,,,,,,,,,,,,,,,,
http://iris.ucl.ac.uk/iris/browse/profile?upi=MBRIG09,MBRIG09,Marc Brightman,Dr,Anthropology,1,,1,,,,,,,,1,1,,,1,,,,1,,,1,,,,,,,,,,,,
http://iris.ucl.ac.uk/iris/browse/profile?upi=MCARM96,MCARM96,Matthew Carmona,Prof,School of Planning,1,,,,,,,,,,1,,,,,,1,,,,,,,,,,,,,,,,,
http://iris.ucl.ac.uk/iris/browse/profile?upi=MCARP11,MCARP11,Matteo Carpentieri,Dr,"Civil, Environmental and Geomatic Engineering",,,,,,,,,,,1,,,,1,,,,,,1,,,,1,,,,,,,,,
http://iris.ucl.ac.uk/iris/browse/profile?upi=MCASS97,MCASS97,May Cassar,Prof,The Bartlett School of Graduate Studies,1,,,,,,,,,,,,1,1,,,1,,,,,,,,,,,,,,,,,
http://iris.ucl.ac.uk/iris/browse/profile?upi=MCOLL55,MCOLL55,Marjan Colletti,Dr,School of Architecture,,,,,,,,,,1,,,1,,,,1,,,,,,,,,,,,,,,1,,
http://iris.ucl.ac.uk/iris/browse/profile?upi=MDAVI86,MDAVI86,Michael Davies,Prof,School of Architecture,1,,,,,,,,,,,,1,,,,1,1,,,,,,,1,,,1,,,,,,
http://iris.ucl.ac.uk/iris/browse/profile?upi=MDSHI74,MDSHI74,Michelle Shipworth,Ms,UCL Energy Institute,1,,,,,,,1,,,1,,,,,,1,1,,,,,,,,,,,,1,,,,
http://iris.ucl.ac.uk/iris/browse/profile?upi=MEDWA44,MEDWA44,Michael Edwards,Mr,School of Planning,1,,,,,,,,,,1,1,,,,,1,,,,,,,,,,,,,,,,,
http://iris.ucl.ac.uk/iris/browse/profile?upi=MFRAS70,MFRAS70,Murray Fraser,Prof,School of Architecture,,,,,1,,,,,1,1,,,1,,,1,,,,,,,,,,,,,,,1,,
http://iris.ucl.ac.uk/iris/browse/profile?upi=MHAKL64,MHAKL64,Muki Haklay,Prof,"Civil, Environmental and Geomatic Engineering",,,,,,,,,,,1,1,,,,,,,1,,,,,,,,,,,,,1,,
http://iris.ucl.ac.uk/iris/browse/profile?upi=MHEIN39,MHEIN39,Michael Heinrich,Prof,Pharmaceutical & Biological Chemistry,1,,,,,,,,,,,,,,,,,,,,,,1,,,,,1,,,,,,
http://iris.ucl.ac.uk/iris/browse/profile?upi=MHERB08,MHERB08,Michael  Hebbert,Prof,School of Planning,1,,,,,,,,,1,1,1,,1,,,1,,,,1,,,,1,,,,,,,1,,
http://iris.ucl.ac.uk/iris/browse/profile?upi=MJWHI21,MJWHI21,Michael Whitbread,Mr,Development Planning Unit,1,,,1,1,,,,,,1,1,,,,,,,,,,1,,,,,,,,,,,,
http://iris.ucl.ac.uk/iris/browse/profile?upi=MLEEX08,MLEEX08,Maria Lee,Prof,Faculty of Laws,1,,,,,,,,,,1,,,,,,1,1,,,,1,,,1,,,1,,1,,,1,
http://iris.ucl.ac.uk/iris/browse/profile?upi=MMCMI98,MMCMI98,Megan McMichael,Ms,UCL Energy Institute,1,,,,,,,,,,1,,,,,,1,1,,,,,,,,,,,,,,,,
http://iris.ucl.ac.uk/iris/browse/profile?upi=MMUHA75,MMUHA75,MD. MUSLEH UDDIN Hassan,0,Development Planning Unit,,,,1,,,,,,1,1,,,,,,1,,,1,,,,,,,,,,,,,,
http://iris.ucl.ac.uk/iris/browse/profile?upi=mneum17,mneum17,Melissa  Neuman,Dr,Institute for Global Health,,,,,,,,,,,1,,,,,1,1,,,,,1,,,,,,,,,,,,
http://iris.ucl.ac.uk/iris/browse/profile?upi=MNFOR09,MNFOR09,Mark  Ford,Dr,English Lang & Literature,1,,,,,,1,,,,,,,1,,,,,1,,,,,,,,,,,,,,,
http://www.ucl.ac.uk/secret/current_students/2011_cohort/2011-cohort-profiles/ashby_profile,MPJAS93,Matthew Ashby,0,Security and Crime Science,1,,,,,,,,,,1,1,,,,,1,,,1,,,,1,,,,,,,,,,
http://iris.ucl.ac.uk/iris/browse/profile?upi=MPRAW86,MPRAW86,Peg Rawes,Dr,School of Architecture,,,,1,,,,,,1,,,,,,,1,,,,,,,,,1,,1,1,,,1,,
http://iris.ucl.ac.uk/iris/browse/profile?upi=MRACO63,MRACO63,Mike Raco,Prof,School of Planning,1,,,1,,,,,,,1,1,,,,,1,,,,,,,,,,,,,,1,1,,
http://iris.ucl.ac.uk/iris/browse/profile?upi=MREME29,MREME29,Michael Emes,dr,Space & Climate Physics,,,,,,,,,,1,1,,1,,,,1,,,,,,,,,,,,,1,,,1,1
http://iris.ucl.ac.uk/iris/browse/profile?upi=MRING31,MRING31,Matthew Ingleby,Dr,Centre for Languages & Int'l Education,1,,,,,,,,,,,,,1,,,,,1,,,,,,,,,,,,,,,
http://iris.ucl.ac.uk/iris/browse/profile?upi=MRPIT61,MRPIT61,Michael Pitt,Prof,The Bartlett School of Graduate Studies,1,,,1,,,,,,,1,,,,,,,,,,1,,,,,,,,,,,,,
http://iris.ucl.ac.uk/iris/browse/profile?upi=MSSTE18,MSSTE18,Michael Stewart,Dr,Anthropology,1,,,,,,,,,,,1,,,,,,,1,,,,,,,,,,,,,,,
http://iris.ucl.ac.uk/iris/browse/profile?upi=MSTAF39,MSTAF39,Mai Stafford,Dr,Epidemiology & Public Health,1,,,,,,,,,,,,1,,,,1,,,,,,,,,,,,,,,1,,
http://iris.ucl.ac.uk/iris/browse/profile?upi=MSTAM43,MSTAM43,Michail Stamatakis,Dr,Chemical Engineering,,,,,,,,,,,,,1,,,,,1,,,,,,,,,1,,,1,,,,
http://iris.ucl.ac.uk/iris/browse/profile?upi=mtman59,mtman59,Michael Manlangit,Mr,Management Science & Innovation,1,,,,,,,,,,1,,,,,,1,,,,,,,,,,,,,,,,,
http://iris.ucl.ac.uk/iris/browse/profile?upi=MUCCI66,MUCCI66,Marcella Ucci,Dr,School of Architecture,1,,,,,,,,,,,,,,,,1,1,,,,,,,,,,1,,1,,,,
http://iris.ucl.ac.uk/iris/browse/profile?upi=MWHIT11,MWHIT11,Martine Spinks,Dr,School of Planning,1,,,,,,,,,1,1,,,,,,1,,,,,,,,,,,,,,,,,
http://iris.ucl.ac.uk/iris/browse/profile?upi=MWINN40,MWINN40,Matthew Winning,Mr,UCL Energy Institute,1,,,,,,,,,1,1,,,,,,,1,,1,,,,,1,,,,,,,,,
http://iris.ucl.ac.uk/iris/browse/profile?upi=MWOOD89,MWOOD89,Matthew Wood-Hill,Mr,Development Planning Unit,1,,,,,,,,,,,1,,,,,1,,,,,,,,,,,,,,,,,
http://iris.ucl.ac.uk/iris/browse/profile?upi=MZANG95,MZANG95,Mehrdad Zangeneh,Prof,Mechanical Engineering,,,,,,,,,,,,,1,,,,,1,,,,,,,,,,1,,1,,1,,
http://iris.ucl.ac.uk/iris/browse/profile?upi=NAPHE55,NAPHE55,Nicholas Phelps,Prof,School of Planning,1,1,,,,,,,,1,1,1,,,,,1,,,,,,,,,,,,,,,,,
http://iris.ucl.ac.uk/iris/browse/profile?upi=NATYL84,NATYL84,Nick Tyler,Prof,"Civil, Environmental and Geomatic Engineering",1,,1,1,,,,,,,1,,1,,,,1,1,,1,,,,,,1,,,,1,,1,,
http://iris.ucl.ac.uk/iris/browse/profile?upi=NCHRI60,NCHRI60,Nicola Christie,Dr,"Civil, Environmental and Geomatic Engineering",1,,,,,,,,,,1,1,,,,,,,,1,,,,,,,,,,,,,,
http://iris.ucl.ac.uk/iris/browse/profile?upi=NDSTR24,NDSTR24,Neil Strachan,Prof,UCL Energy Institute,1,,,,,,,,,,1,,,,,,,1,,,,,,,,,,,,1,,,,
http://iris.ucl.ac.uk/iris/browse/profile?upi=Nichola,Nichola,Nichola Smalley,0,"School of European Languages, Culture and Society",1,,,,,,,,,,,,,,,,,,1,,,,,,,,,,,,,,,
http://iris.ucl.ac.uk/iris/browse/profile?upi=NKALT05,NKALT05,Nik Kaltsoyannis,Prof,Chemistry,,,,,,,,,,,,,1,,,,,1,,,,,,,,,,,,,,,,
http://iris.ucl.ac.uk/iris/browse/profile?upi=NKARA65,NKARA65,Nikolaos Karadimitriou,Dr,School of Planning,1,,,,,,,,,,1,,,,,,1,,,,,,,,,,,,,,1,1,,
http://www.bartlett.ucl.ac.uk/graduate/csh/research/changeordamage,NLUXF34,Naomi Luxford,Dr,The Bartlett School of Graduate Studies,,,,,,,,,,,,,1,1,,,1,,,,,,,,,,1,,,,,,,
http://iris.ucl.ac.uk/iris/browse/profile?upi=NMGAL98,NMGAL98,Nick Gallent,Prof,School of Planning,1,,,,,,,,,,1,,,,1,,1,,,,,,,,,,,,,,,,,
http://www0.cs.ucl.ac.uk/staff/n.mitra/research/,NMITR19,Niloy Mitra,Dr,Computer Science,,,,,,,,,,,1,,,,,,,,1,,,,,,,,,,,,,1,,
http://iris.ucl.ac.uk/iris/browse/profile?upi=NSSHE98,NSSHE98,Nick Shepley,,English Lang & Literature,1,,,,,,,,,,,,,1,,,1,,1,,,,,,,,,,,,,1,,
http://iris.ucl.ac.uk/iris/browse/profile?upi=NTSKI64,NTSKI64,Neal Skipper,Prof,Physics & Astronomy,,,,,,,,,,,,,1,,,,,1,,,,,,,,,1,,,,,,,
http://iris.ucl.ac.uk/iris/browse/profile?upi=NWSMI56,NWSMI56,Nick Smith,,Psychology & Language Sciences,1,,,,,,,,,1,1,,1,,,,1,,,,,,,,,,,,,,,,,
http://iris.ucl.ac.uk/iris/browse/profile?upi=OGTOB45,OGTOB45,Oliver O'Brien,Mr,Centre for Advanced Spatial Analysis,1,,,,,,,,,,1,,,,,,,,1,1,,,,,,,,,,1,,1,,
http://iris.ucl.ac.uk/iris/browse/profile?upi=OPDES23,OPDES23,Olivier Dessens,Dr,UCL Energy Institute,1,,,,,,,,,,,,,,,,,1,,1,,,,,,,,,,1,,,,
http://iris.ucl.ac.uk/iris/browse/profile?upi=OSSUL70,OSSUL70,Maria OSSUL VERMEHREN,0,Development Planning Unit,,,1,,,,,,,,1,1,,,,,1,,,,,,,,,,,,,,,,,
http://iris.ucl.ac.uk/iris/browse/profile?upi=PALEI87,PALEI87,Pavlos Aleiferis,Dr,Mechanical Engineering,,,,,,,,,,,1,,1,,,,,1,,1,,,,,,,,,,1,,,,
http://iris.ucl.ac.uk/iris/browse/profile?upi=PALON04,PALON04,Paul Longley,Prof,Geography,,,,,,,,,,1,1,,1,,,,1,,1,,,,,,,,,1,,,,1,1,
http://iris.ucl.ac.uk/iris/browse/profile?upi=PANGE44,PANGE44,Panagiota Angeli,Dr,Chemical Engineering,,,,,,,,,,,1,,,,,,,1,,,,1,,,,,,,,,,,,
http://iris.ucl.ac.uk/iris/browse/profile?upi=PARAB65,PARAB65,Pushpa Arabindoo,Dr,Geography,,,,,,,,,,1,1,1,,,1,,1,1,,,,1,,,,,,,,,,,,
http://iris.ucl.ac.uk/iris/browse/profile?upi=PAYKA93,PAYKA93,Pinar Aykac,0,School of Architecture,1,,,,1,,,,,,,,,1,,,1,,1,,,,,,,,,,,,,,,
http://iris.ucl.ac.uk/iris/browse/profile?upi=PBIDD61,PBIDD61,Phillip Biddulph,Dr,UCL Energy Institute,,,,,,,,,,,1,,,,,,1,1,1,,,,,,,,,,,1,,1,,
http://iris.ucl.ac.uk/iris/browse/profile?upi=PBRIA11,PBRIA11,Paola Briata,Dr,School of Planning,1,,,,,,,,,,1,1,,1,,,1,,,,,,,,,,,,1,,1,1,,
http://iris.ucl.ac.uk/iris/browse/profile?upi=PDASX99,PDASX99,Payel Das,Dr,The Bartlett School of Graduate Studies,1,,,1,,,,,,,1,,1,,,,1,1,,,,,,,,,,,,1,,1,,
http://iris.ucl.ac.uk/iris/browse/profile?upi=PDGRO34,PDGRO34,Paul Groves,Dr,"Civil, Environmental and Geomatic Engineering",,,,,,,,,,,1,,1,,,,1,,1,,,,,,,,,,,,,,,
http://iris.ucl.ac.uk/iris/browse/profile?upi=PDRUM34,PDRUM34,Paul Drummond,Mr,UCL Energy Institute,1,,,,,,,,,,1,,1,,1,,,1,,,,,,,,,,,,1,1,1,,
http://iris.ucl.ac.uk/iris/browse/profile?upi=PDUFF29,PDUFF29,Philippe Duffour,Dr,"Civil, Environmental and Geomatic Engineering",,,,,,,,,,,,,1,,,,1,,,,,,,,,,,,,,,1,,
http://iris.ucl.ac.uk/iris/browse/profile?upi=PEDOD24,PEDOD24,Paul Dodds,Dr,UCL Energy Institute,1,,,,,1,1,,,,1,,,,,,,1,,,,,,,,,,,,1,,,,
http://iris.ucl.ac.uk/iris/browse/profile?upi=Pei Sze,Pei Sze,Pei Sze Chow,0,"School of European Languages, Culture and Society",1,,,,,,,,,1,,,,,,,1,,,,,,,,,,,,,,,,,
http://iris.ucl.ac.uk/iris/browse/profile?upi=PEKIN72,PEKIN72,Paul Ekins,Prof,UCL Energy Institute,,,,,,,,,,,1,1,,,1,,,1,,,,,,,,,,,,1,1,,,
http://iris.ucl.ac.uk/iris/browse/profile?upi=PGHAL68,PGHAL68,Peter Hall,Prof Sir,School of Planning,1,,,,,,,,,,1,,1,1,,,1,,,1,,,,,,,,,,,,1,,
www.iranomad.com,PGHOD22,Pooya GHODDOUSI,0,Geography,1,,,,1,,,1,,1,1,,,1,1,,,,,,,,,,,,,,,,,,,
http://iris.ucl.ac.uk/iris/browse/profile?upi=PHOFM71,PHOFM71,Pascale Hofmann,Miss,Development Planning Unit,1,,1,1,,1,1,,,,1,,,,,,1,,,,1,1,,,,,,1,,,,1,,
http://iris.ucl.ac.uk/iris/browse/profile?upi=PJRAY38,PJRAY38,Peter Raynham,Mr,The Bartlett School of Graduate Studies,,,,,,,,,,,,,,,,,1,1,,,,,,,,,,,,,,,,
http://iris.ucl.ac.uk/iris/browse/profile?upi=PJTAN13,PJTAN13,PJ Tan,Dr,Mechanical Engineering,,,,,,,,,,1,,,1,,,,,1,,,,,,,,1,1,,,,,,1,
http://iris.ucl.ac.uk/iris/browse/profile?upi=PLETT94,PLETT94,Paola Lettieri,Dr,Chemical Engineering,,,,,,,,,,,,,1,,,,,1,,,1,,,,,,1,,,1,,1,,1
http://iris.ucl.ac.uk/iris/browse/profile?upi=PMACD20,PMACD20,Peter Macdonald-Eggers,Mr,Faculty of Laws,,,,,,,,,,,,1,1,,,,,1,,,,,,,,,,,,,,,,
http://iris.ucl.ac.uk/iris/browse/profile?upi=PMJON93,PMJON93,Peter Jones,Prof,"Civil, Environmental and Geomatic Engineering",1,,,1,,,,,,,1,1,,,,,,,,1,,,,,,,,,,1,,1,,
http://iris.ucl.ac.uk/iris/browse/profile?upi=PMVFE79,PMVFE79,Pedro Ferreira,Dr,"Civil, Environmental and Geomatic Engineering",1,,,,,,,,,,,,,,,,1,,,,,,,,,,,,,,,,,
http://iris.ucl.ac.uk/iris/browse/profile?upi=PPARI97,PPARI97,Priti Parikh,Dr,"Civil, Environmental and Geomatic Engineering",,,,1,,,1,,,,1,1,,,,,1,,,,,,,,,1,,,,1,,1,,1
http://iris.ucl.ac.uk/iris/browse/profile?upi=PRICK01,PRICK01,Patrick Rickles,Mr,"Civil, Environmental and Geomatic Engineering",,,,,,,,,,1,1,,,,,,,,1,,,,,,,,,,,,,,,
http://iris.ucl.ac.uk/iris/browse/profile?upi=PRUYS20,PRUYS20,Paul Ruyssevelt,Prof,UCL Energy Institute,1,,,,,,,,,,,,1,,,,,1,,,,,,,,,,,,1,,1,,
http://iris.ucl.ac.uk/iris/browse/profile?upi=PSAND39,PSAND39,Philippe Sands,Prof,Faculty of Laws,,,,,,,,,,,,1,,,1,,,,,,,,,,,,,,,,,,,
http://iris.ucl.ac.uk/iris/browse/profile?upi=PSHEA33,PSHEA33,Paul Shearing,Dr,Chemical Engineering,,,,,,,,,,,,,1,,,,,1,,,,,,,,,,,,,,,,
http://iris.ucl.ac.uk/iris/browse/profile?upi=PWGMO27,PWGMO27,Peter Morris,Prof,School of Construction & Project Mgt,,,,,,,,,,1,,,,,,,,1,,,,,,,,,,,,,,,,
http://iris.ucl.ac.uk/iris/browse/profile?upi=QSTEV34,QSTEV34,Quentin Stevens,Dr,School of Planning,1,1,1,1,,,,1,,,1,,,,,,1,,,,,1,,,,,,,,,,,,
http://iris.ucl.ac.uk/iris/browse/profile?upi=QZHOU43,QZHOU43,Judith Zhou,Dr,"Civil, Environmental and Geomatic Engineering",,,,,,,,,,,,,1,,,,1,,,,1,1,,,,,,,,,,,,
http://www.bartlett.ucl.ac.uk/architecture/programmes/mphil-phd-studentwork-ht/regner-ramos,RAMOS88,Regner Ramos,0,School of Architecture,1,,1,,,,,,,,,1,,1,,,1,,1,,,,,,,,,,,,,,,
http://iris.ucl.ac.uk/iris/browse/profile?upi=RBIEL78,RBIEL78,Robert Biel,Dr,Development Planning Unit,,,,,,,,,,,1,1,,,,,1,,,,,,1,,,,,,,,,1,,
http://iris.ucl.ac.uk/iris/browse/profile?upi=RBINI35,RBINI35,Russell Binions,Dr,Chemistry,,,,,,,,,,,,,1,,,,1,1,,,,,,,,,,,,,,,,
http://iris.ucl.ac.uk/iris/browse/profile?upi=RBMAC88,RBMAC88,Richard Macrory,Prof,Faculty of Laws,1,,,,,,,,,,,1,1,,,,,,,,1,,,,1,,,,,,,,,
http://iris.ucl.ac.uk/iris/browse/profile?upi=RCCOL56,RCCOL56,Rebecca Collins,Ms,Centre for Languages & Int'l Education,,,,,,,,,,,1,1,,,,,,,,,1,,,,,,,,,,,,,
http://iris.ucl.ac.uk/iris/browse/profile?upi=RCLAM63,RCLAM63,Rita Lambert,Ms,Development Planning Unit,,,,,,,1,,,1,,1,,,,,1,,1,,,,,,,,,,,,,,,
http://iris.ucl.ac.uk/iris/browse/profile?upi=RFUEN77,RFUEN77,Raul Fuentes,Dr,"Civil, Environmental and Geomatic Engineering",,,,,,,,,,,1,,1,,,,1,,,1,,,,,,,1,,,1,,1,,
http://iris.ucl.ac.uk/iris/browse/profile?upi=RGLID25,RGLID25,Rob Liddiard,Mr,UCL Energy Institute,,,,,,,,,,,1,,,,,,1,1,,,,,,,,,,,,,,,,
http://iris.ucl.ac.uk/iris/browse/profile?upi=RGRAU87,RGRAU87,Ricardo Grau-Crespo,Dr,Chemistry,,,,,,,,,,,,,1,,,,1,1,,,,,,,,,,,,,,,,
http://iris.ucl.ac.uk/iris/browse/profile?upi=RHICK55,RHICK55,Robin Hickman,Dr,School of Planning,1,,,1,,,,,,,1,,1,,,,1,,,1,,,,,,1,,,,1,1,1,,
http://iris.ucl.ac.uk/iris/browse/profile?upi=RJDEN27,RJDEN27,Richard Dennis,Prof,Geography,1,1,,,,,,,,,1,,,1,,,1,,1,1,,,,,,,,,,,,1,,
http://iris.ucl.ac.uk/iris/browse/profile?upi=RJLOW06,RJLOW06,Robert Lowe,Prof,UCL Energy Institute,,,,,,,,,,,,,,,,,,1,,,,,,,1,,,,,,,,,
http://iris.ucl.ac.uk/iris/browse/profile?upi=RJTAW58,RJTAW58,Richard Taws,Dr,History of Art,1,1,,,,,,,,,,,,1,,,,,1,,,,,,,,,,,,,,,
http://iris.ucl.ac.uk/iris/browse/profile?upi=RLMAC28,RLMAC28,Roger Mackett,Prof,"Civil, Environmental and Geomatic Engineering",1,,,,,,,,,,1,1,,,,,,,,1,,,,,,1,,,,1,1,1,,
http://iris.ucl.ac.uk/iris/browse/profile?upi=RLSZA20,RLSZA20,Reem Zako,0,The Bartlett School of Graduate Studies,1,,,,,,,,,,1,,,1,,,1,,,,,,,,,,,,,,,,,
http://iris.ucl.ac.uk/iris/browse/profile?upi=RMCLE83,RMCLE83,Ruth McLeod,Ms,Development Planning Unit,,,,,,,,,,,1,,,,,,1,,,,,,,,,,,,,,,1,,
http://iris.ucl.ac.uk/iris/browse/profile?upi=RMSRA81,RMSRA81,Rokia Raslan,Dr,The Bartlett School of Graduate Studies,1,,,,,,,,,,1,1,1,,,,1,1,,,,,,,,1,,,,1,,1,,
http://www.ucl.ac.uk/laws/academics/profiles/index.shtml?purdy,RPURD14,Ray Purdy,Mr,Faculty of Laws,,,,,,,,,,,,1,1,,1,,,,,,,,,,1,,,,,1,1,,,
http://iris.ucl.ac.uk/iris/browse/profile?upi=RROJA69,RROJA69,Robinson Rojas,Dr,Development Planning Unit,,,,,,,,,,1,1,1,,,,,1,,,,,,,,,1,,,,,1,1,,
http://iris.ucl.ac.uk/iris/browse/profile?upi=RSHIT78,RSHIT78,Russell Hitchings,Dr,Geography,1,,,,,,,,,1,1,,,,1,,1,1,,,,,,,,,,,,,,,,
http://iris.ucl.ac.uk/iris/browse/profile?upi=RSWOT68,RSWOT68,Roger Wotton,Prof,"Genetics, Evolution & Environment",,,,,,,,,,,,,,,,,,,,,1,1,,,,,,,,,,,,
http://iris.ucl.ac.uk/iris/browse/profile?upi=RTHOR43,RTHOR43,THORPE REUBEN,0,Institute of Archaeology,1,,,,1,,,,,1,,,,1,,,1,,,,1,,,,,,,,,,,,,
http://iris.ucl.ac.uk/iris/browse/profile?upi=SAKUE62,SAKUE62,Susanne Kuechler,Prof,Anthropology,1,,,1,1,,,1,,1,,,,1,,,,,1,,,,,,,,1,,,,,1,,
http://iris.ucl.ac.uk/iris/browse/profile?upi=SANDO99,SANDO99,Vincente SANDOVAL HENRIQUEZ,0,Development Planning Unit,,,1,,,,,,,,,,,,,,1,1,,,,,,,,,,,,,,,,
http://iris.ucl.ac.uk/iris/browse/profile?upi=SANZA01,SANZA01,Martin SANZANA CALVET,0,Development Planning Unit,,,1,,,,,,,,1,,,1,1,,1,,,,1,1,,,,,,,,,,,,
http://iris.ucl.ac.uk/iris/browse/profile?upi=SAROB24,SAROB24,Sandy Robertson,Dr,"Civil, Environmental and Geomatic Engineering",,,,,,,,,,,1,,,,,,1,,,,,,,,,,,,,,,,,
http://iris.ucl.ac.uk/iris/browse/profile?upi=SBADI93,SBADI93,Sulafa Badi,Dr,School of Construction & Project Mgt,1,,,,1,,,,,,1,1,,,,,1,1,,,,,,,,,,,,,,,,
http://www.bartlett.ucl.ac.uk/planning/people/mphil-phd-students/sarah-cary,SCARY95,Sarah CARY,0,School of Planning,1,1,,,,,,,,,1,,,,,,1,1,,,,,,,,,,,,,,,,
http://iris.ucl.ac.uk/iris/browse/profile?upi=SCASC33,SCASC33,Simone Caschili,Dr,Centre for Advanced Spatial Analysis,1,,,,,,,,,,1,,,,,,,1,1,,,,,,1,,,,,,,,,
http://iris.ucl.ac.uk/iris/browse/profile?upi=SEDWA89,SEDWA89,Stephen Edwards,Dr,Institute for Risk & Disaster Reduction,,,,,,,,,,,1,,1,,1,,,,,,,1,,,1,,,,,,,,,
http://iris.ucl.ac.uk/iris/browse/profile?upi=SFMIC21,SFMIC21,Susan Michie,Prof,"Clinical, Educational and Health Psychology",,,,,,,,,,,1,,,,,,,,,,1,,,,,,,1,,,,,,
http://iris.ucl.ac.uk/iris/browse/profile?upi=SFRIE16,SFRIE16,Sharon Friel,Dr,Epidemiology & Public Health,1,,,1,,,,1,,,,1,,,,,1,,,,,,1,,1,,,1,,,,,,
http://iris.ucl.ac.uk/iris/browse/profile?upi=SGAGE30,SGAGE30,Stephen Gage,Prof,School of Architecture,,,,,,,,,,,1,,1,,,,1,1,,,,,,,,,,,,,,,,
http://iris.ucl.ac.uk/iris/browse/profile?upi=SGRIF58,SGRIF58,Sam Griffiths,Dr,The Bartlett School of Graduate Studies,1,,,,,,,,,,,,,1,,,1,,,,,,,,,,,,,,,1,,
http://iris.ucl.ac.uk/iris/browse/profile?upi=SGUIL73,SGUIL73,Serge Guillas,Dr,Statistical Science,,,,,,,,,,,1,,1,,,,1,,,,,1,,,1,,,,,,,,,
http://www.bartlett.ucl.ac.uk/dpu/people/students/dpu/people/students/phd-profiles/siegfried-atteneder,,Siegfried Attender,PhD Student,Development Planning Unit,1,,,,,,,,,,1,,,,,,1,,,,,,,,,,,,,,,,,
http://iris.ucl.ac.uk/iris/browse/profile?upi=SINHA06,SINHA06,Sinha  Nikhilesh,0,Development Planning Unit,,,,,,,,,,,1,1,,,,,1,,,,,,,,,,,,,,,,,
http://iris.ucl.ac.uk/iris/browse/profile?upi=SJBEL56,SJBEL56,Sarah Bell,Dr,"Civil, Environmental and Geomatic Engineering",1,,1,1,,,,1,,1,1,1,,1,,,1,,,,,1,,,1,,,,,1,,1,,1
http://iris.ucl.ac.uk/iris/browse/profile?upi=SJLOC41,SJLOC41,Simon Lock,Dr,Science & Technology Studies,,,,,,,,,,1,1,1,,,,,,1,,,,,,,1,,,,,,,,,
http://iris.ucl.ac.uk/iris/browse/profile?upi=SJOLL79,SJOLL79,Simon Jolly,Dr,Physics & Astronomy,,,,,,,,,,,1,,,,,,,1,,,1,,,,,,,,,,,,,
http://iris.ucl.ac.uk/iris/browse/profile?upi=SJRSI48,SJRSI48,Stefaan Simons,Prof,UCL Australia,1,,,,1,,,,,,1,1,1,,,,,1,,,,,,,,,,,,1,,1,,1
http://iris.ucl.ac.uk/iris/browse/profile?upi=SKUHN17,SKUHN17,Simon Kuhn,Dr,Chemical Engineering,,,,,,,,,,,1,,,,,,,,,,,,,,,,1,,,1,,,,
http://iris.ucl.ac.uk/iris/browse/profile?upi=SLEAR20,SLEAR20,Sarah Earl,Ms,School of Construction & Project Mgt,,,,,,,,,,,1,,,,,,1,,,,,,,,,,,,,1,,1,,
http://iris.ucl.ac.uk/iris/browse/profile?upi=SLSAR47,SLSAR47,Sonia Arbaci Sallazzaro,Dr,School of Planning,1,,,,,,,,,,1,1,,,,,1,,,,,,,,,,,,,,1,1,,
http://iris.ucl.ac.uk/iris/browse/profile?upi=SMARS80,SMARS80,Stephen Marshall,Dr,School of Planning,,,,,,,,,,,1,,,,,,1,,,,,,,,,,,,,,,,,
http://iris.ucl.ac.uk/iris/browse/profile?upi=SMHON73,SMHON73,SUNG MIN Hong,0,UCL Energy Institute,1,,,,,,,,,,1,,,,,,1,,,,,,,,,,,,,,,,,
http://iris.ucl.ac.uk/iris/browse/profile?upi=SMMOO10,SMMOO10,Susan Moore,Dr,School of Planning,1,1,,,,,,,,1,,,,,,,1,,,,,,,,,,,,,1,1,1,,
http://iris.ucl.ac.uk/iris/browse/profile?upi=SPHAN24,SPHAN24,Sean Hanna,Dr,The Bartlett School of Graduate Studies,,,,,,,,,,1,1,,1,,,,1,,,,,,,,,,1,,,,,1,,
http://www.bartlett.ucl.ac.uk/people/?school=gs&upi=SPSAR79,SPSAR79,Sophia Psarra,Dr,The Bartlett School of Graduate Studies,1,1,,,,,,,,1,,,,1,,,1,,,,,,,,,,,,,,,1,,
http://iris.ucl.ac.uk/iris/browse/profile?upi=SPURT88,SPURT88,Saul Purton,Dr,Structural and Molecular Biology,,,,,,,,,,,1,,1,,,,,1,,,,,,,,,,,,,,,,
http://iris.ucl.ac.uk/iris/browse/profile?upi=SRBIS03,SRBIS03,Steven Bishop,Prof,Mathematics,,,,,,,,,,,1,,1,,,,,,1,,,,,,,,,,,1,,1,1,
http://iris.ucl.ac.uk/iris/browse/profile?upi=SROBS78,SROBS78,Stuart Robson,Prof,"Civil, Environmental and Geomatic Engineering",,,,,,,,,,,,,1,,,,,1,,,,,,,,1,1,,,,,,1,1
http://iris.ucl.ac.uk/iris/browse/profile?upi=SSCHO40,SSCHO40,Shaun Scholes,Dr,Institute of Epidemiology & Health,,,,,,,,,,,1,1,,,,,1,,,,,,1,,,,,,,,,,,
http://iris.ucl.ac.uk/iris/browse/profile?upi=SSING83,SSING83,SINGH SHIVANI,0,Institute for Global Health,,,,1,,,,,,1,,1,,,,,1,,,,,,,,,,,,,,,,,
http://iris.ucl.ac.uk/iris/browse/profile?upi=SSWAL82,SSWAL82,Sandra Wallman,Prof,Anthropology,1,,,,,,1,,,,,1,,,,,1,,,,,,,,,,,1,,,,,,
http://iris.ucl.ac.uk/iris/browse/profile?upi=SVPOL08,SVPOL08,Sandra POLANIA REYES,0,Economics,,,1,,,,,,,1,,,1,,,,,,,,,,,,,,,,,,,,,
http://iris.ucl.ac.uk/iris/browse/profile?upi=SWERR25,SWERR25,Simon Werrett,Dr,Science & Technology Studies,,,,,,,,,,1,,,,1,,,,,1,,,1,,,,,,,,,,,,
http://iris.ucl.ac.uk/iris/browse/profile?upi=TANDE42,TANDE42,Tashweka Anderson,Ms,UCL Energy Institute,1,,,,,,,,,,1,,,,,,,1,1,,,1,,,,,,,,,,,,
http://iris.ucl.ac.uk/iris/browse/profile?upi=TCATK39,TCATK39,Tim Atkinson,Prof,Earth Sciences,,,,,,,,,,,,,1,,,,,,,,,1,,,,,,,,,,,,
http://iris.ucl.ac.uk/iris/browse/profile?upi=TCHEN23,TCHEN23,Tao Cheng,Prof,"Civil, Environmental and Geomatic Engineering",,,,,,,,,,1,,,,,,,,,,,1,,,,,1,,,,1,,1,1,
http://iris.ucl.ac.uk/iris/browse/profile?upi=TDHAG87,TDHAG87,Henoc Agbota,Dr,The Bartlett School of Graduate Studies,1,,,1,1,,,,,,1,,,1,,,1,,1,,,,,,,,1,,,1,,,,1
http://iris.ucl.ac.uk/iris/browse/profile?upi=TDOME86,TDOME86,Teresa Domenech Aparisi,Dr,UCL Energy Institute,,,,,,1,1,,,,1,,,,1,,,,,,,,,,,,,,,1,,,,
http://iris.ucl.ac.uk/iris/browse/profile?upi=TERFA00,TERFA00,Tohid Erfani,Mr,"Civil, Environmental and Geomatic Engineering",,,,,,,,,,1,1,,1,,,,,,,,,1,,,,,,,,,,,,
http://iris.ucl.ac.uk/iris/browse/profile?upi=TFUJI93,TFUJI93,Taku Fujiyama,Dr,"Civil, Environmental and Geomatic Engineering",,,,,,,,,,,1,1,,,,,,1,,1,,,,,,,,,,1,,1,1,1
http://iris.ucl.ac.uk/iris/browse/profile?upi=TMREE51,TMREE51,Todd Whitelaw,Prof,Institute of Archaeology,1,,,,,,,,,,,,1,1,,,1,,,,,,,,,,,,,,,,,
http://iris.ucl.ac.uk/iris/browse/profile?upi=TMSEL60,TMSEL60,Taha Elhag,Dr,School of Construction & Project Mgt,,,,,,,,,,,1,,,,,,1,,,,,,,,,,,,,,,,,
http://iris.ucl.ac.uk/iris/browse/profile?upi=TORES56,TORES56,Tadj Oreszczyn,Prof,UCL Energy Institute,,,,,,,,,,,1,,1,,,,1,1,,,,,,,,,,,,1,,1,,
http://iris.ucl.ac.uk/iris/browse/profile?upi=TROSS20,TROSS20,Tiziana Rossetto,Dr,"Civil, Environmental and Geomatic Engineering",,,,1,,,,,,,1,,1,,,,1,,,,,,,,,,,,,,,,,
http://iris.ucl.ac.uk/iris/browse/profile?upi=TTEHX11,TTEHX11,Tse-Hui Teh,Dr,School of Planning,1,,,,,,,,,,,,1,,,,1,,,,,1,,1,,1,,,,1,,1,,
http://iris.ucl.ac.uk/iris/browse/profile?upi=TWPSM74,TWPSM74,Tristan Smith,Dr,UCL Energy Institute,,,,,,,,,,,1,,1,,,,,1,,1,,,,,,,,,,1,,,,
http://iris.ucl.ac.uk/iris/browse/profile?upi=USHER77,USHER77,Paul Usher,0,UCL Energy Institute,1,,,,,,,,,,1,,1,,,,,1,,,,,,,,,,,,,,,,
http://iris.ucl.ac.uk/iris/browse/profile?upi=VABUC08,VABUC08,Victor Buchli,Dr,Anthropology,1,,,,1,,,,,,,,,1,,,1,,,,,,,,,,,,,,,,,
http://iris.ucl.ac.uk/iris/browse/profile?upi=VALDR38,VALDR38,Vicki Aldridge,Miss,Institute for Child Health,,,,,,,,,,,,,,,,,,,,,,,1,,,,,,,,,,,
http://iris.ucl.ac.uk/iris/browse/profile?upi=VBBRA90,VBBRA90,Verena BR?HLER,0,Institute of the Americas,1,,,,,,,,,,1,1,,,,,,,,,,,,,,,,,,,,,,
http://iris.ucl.ac.uk/iris/browse/profile?upi=VCAST43,VCAST43,Vanesa Castan Broto,Dr,Development Planning Unit,1,,,,,,,,,,1,1,,,,,1,1,,,,,,,,,,,,1,1,1,,
http://iris.ucl.ac.uk/iris/browse/profile?upi=VDUAX49,VDUAX49,Vivek Dua,Dr,Chemical Engineering,,,,,,,,,,,1,,,,,,,1,,,,,,,,,,,,,,,,
http://iris.ucl.ac.uk/iris/browse/profile?upi=VERRI97,VERRI97,Larissa VERRI BORATTI,0,Faculty of Laws,,,,,,,,,,,1,1,,,,,1,,,,,,,,,,,,,,,,,
http://iris.ucl.ac.uk/iris/browse/profile?upi=VPGIO90,VPGIO90,Valentina Giordano,Mrs,School of Planning,1,,,,,,,,,,1,,,,,,1,,,1,,,,,,,,,,1,1,1,,
http://www.bartlett.ucl.ac.uk/dpu/people/students/phd-profiles/vicente-sandoval,Vxxxx,Vicente Sandoval,PhD student,Development Planning Unit,,,,,,,,,,,1,,,,,,1,,,,,,,,,,,,,,,,,
http://iris.ucl.ac.uk/iris/browse/profile?upi=WASMC85,WASMC85,Will McDowall,Mr,UCL Energy Institute,,,,,,,,,,,,,1,,,,1,1,,,,,,1,,,,,,1,1,,,
http://iris.ucl.ac.uk/iris/browse/profile?upi=WDASK87,WDASK87,Wulf Daseking,Mr,School of Planning,1,,,,1,,,,,,1,,,,,,1,,,1,,,,,,,,,,,,,,
http://iris.ucl.ac.uk/iris/browse/profile?upi=WGBUR22,WGBUR22,William Burgess,Dr,Earth Sciences,1,,,1,,,,,,,1,,1,,,,,,,,,1,,,,,,,,,,,,
http://iris.ucl.ac.uk/iris/browse/profile?upi=WHUNT85,WHUNT85,William Hunter,Mr,Development Planning Unit,,,,1,,,,,,1,1,1,,,,,1,,,,,,,,,,,,,,,,,
http://iris.ucl.ac.uk/iris/browse/profile?upi=WJMCG95,WJMCG95,Bill McGuire,Prof,Earth Sciences,,,,1,,,,,,,,,1,,1,,1,,,,,,,,,,,1,,,,1,1,
http://iris.ucl.ac.uk/iris/browse/profile?upi=WRGHI43,WRGHI43,Bill Hillier,Prof,The Bartlett School of Graduate Studies,,,,,,,,,,,1,,,,,,1,,,,,,,,,,,,,,,,,
http://iris.ucl.ac.uk/iris/browse/profile?upi=XKARE36,XKARE36,Xenia Karekla,Miss,"Civil, Environmental and Geomatic Engineering",1,,,,,,,,,,1,1,,,,,1,,,1,,,,,,1,1,,,,,,,1
http://iris.ucl.ac.uk/iris/browse/profile?upi=XMLLE28,XMLLE28,Xavier Lemaire,Dr,UCL Energy Institute,,,,1,,,1,,,1,,1,,,,,1,1,,,,,,,,,,,1,1,1,1,,
http://iris.ucl.ac.uk/iris/browse/profile?upi=XWUXX34,XWUXX34,Xiaoping Wu,Prof,"Civil, Environmental and Geomatic Engineering",,,,,,,,,,,1,,,,,,,,,1,,,,,,,,1,,1,,1,1,1
http://iris.ucl.ac.uk/iris/browse/profile?upi=YBAIX06,YBAIX06,Yun Bai,Dr,"Civil, Environmental and Geomatic Engineering",,,,,,,,,,,,,1,,,,1,1,,,,,,,,,,,,,,,,
http://iris.ucl.ac.uk/iris/browse/profile?upi=YCABA97,YCABA97,Yves Cabannes ,Prof ,Development Planning Unit,1,1,1,,1,,1,,,,1,1,,,,,1,,,,,,,,,,,1,,,,1,,
http://iris.ucl.ac.uk/iris/browse/profile?upi=YJRYD57,YJRYD57,Yvonne Rydin,Prof,School of Planning,1,1,,,,,,,,1,1,1,1,,,,1,1,,,,,,,,1,,,,1,1,1,,
http://iris.ucl.ac.uk/iris/browse/profile?upi=YROGE95,YROGE95,Yvonne Rogers,Prof,Computer Science,,,,,,,,,,,,,1,,,,1,,1,,,,1,,,1,,,,1,,1,,
http://iris.ucl.ac.uk/iris/browse/profile?upi=ZFREX56,ZFREX56,Zeremariam Fre,Dr,Development Planning Unit,,,,,,1,1,,,,1,1,,,,,,,,,,,,,,,,,,,,1,,
http://iris.ucl.ac.uk/iris/browse/profile?upi=ZHANG40,ZHANG40,Le-Yin Zhang,Dr,Development Planning Unit,1,,,1,,,,,,,1,1,,,,,1,1,,,,,,,,,,,,,,1,,
http://iris.ucl.ac.uk/iris/browse/profile?upi=ZNASA69,ZNASA69,Zaheer Nasar,Dr,"Civil, Environmental and Geomatic Engineering",,,,1,1,,,,,,1,,1,,,,1,,,,,,,,,,,,,,,,,
http://iris.ucl.ac.uk/iris/browse/profile?upi=ZXGUO56,ZXGUO56,Xiao Guo,Prof,Chemistry,,,,,,,,,,,,,1,,,,,1,,,,,,,,,,,,,,,,
http://www.ucl.ac.uk/americas/people/academic-staff/dr-emily-morris,XXXEM,Emily Morris,,Institute of the Americas,,,1,,,,,,,,1,,,1,,,,1,,1,,,,,,,,,,,,,,
http://www.ucl.ac.uk/anthropology/people/research_staff/k_oconnor,xxxKOC,Kaori O'Connor,,Anthropology,1,1,,,,,,,,,,,,1,,,,,,,,,1,,,,,,,,,,,
http://www.ucl.ac.uk/estates/about/,XXXRJ,Richard Jackson,,UCL Estates,,,,,,,,,,,1,,,,,,1,1,,,1,1,1,,,,,,,,,,,
http://www.geog.ucl.ac.uk/about-the-department/people/research-students/myfanwy-taylor,,Myfawy Taylor,,,,,,,,,,,,,,,,,,,,,,,,,,,,,,,,,,,,
http://www.homepages.ucl.ac.uk/~ucfasaj/,773733,Sandra Jasper,Ms,Geography,1,,,,,,,,,,1,,,1,,,1,,1,,,,,,,,,,,,,,,
 http://tinyurl.com/natenvcrimeconf,HILLX93,Joanna Hill,Ms,Security and Crime Science,,,,,,,1,,,,,1,,,1,,,,,,,,,,,,,,,,,,,
http://www.bartlett.ucl.ac.uk/architecture/programmes/mphil-phd-studentwork/david-buck,Dbuck,David Buck,Mr,School of Architecture,1,,,,,,,1,,1,,,,,,,1,,,,,,,,,,,,,,,,,
http://www.bartlett.ucl.ac.uk/architecture/programmes/mphil-phd-studentwork/david-roberts,droberts,David Roberts,Mr,School of Architecture,1,,,,,,,,,1,,1,,1,,,1,,,,,,,,,,,,,,,,,
